province,index,2000,2001,2002,2003,2004,2005,2006,2007,2008,2009,2010,2011,2012,2013,2014,2015,2016,2017,2018,2019,2020
Alberta,Total Energy Use (PJ),191.287287,172.229202,189.753525,190.99,190.468961,177.687157,180.631783,210.340116,207.376102,204.978241,195.753867,206.628,205.506,207.430415,207.558334,201.199,177.307592,209.799529,217.519359,217.719789,215.665468
Alberta,Space Heating,129.354293,109.897501,125.597115,126.551963,124.982063,112.281967,115.007472,138.023797,135.825628,135.905538,126.420848,134.482424,133.461557,136.774303,138.350851,129.940512,112.76095,137.751822,147.708121,147.577372,141.827502
Alberta,Water Heating,40.14367,38.519403,39.932431,41.653074,42.48027,42.072077,41.311922,47.400116,46.224165,43.845669,44.290906,46.650604,46.522575,45.102172,43.32056,44.981458,38.811795,46.193291,44.590778,43.718298,45.532896
Alberta,Appliances,16.371148,17.758458,17.94825,16.843408,17.075159,17.365945,17.920086,18.478491,18.738504,18.693969,18.830187,19.217233,19.3385,19.556548,19.841032,20.213999,19.983799,20.007068,19.598546,20.776689,22.089604
Alberta,Lighting,5.357538,5.939873,6.060255,5.767952,5.80938,5.90014,6.029337,6.086117,6.185752,6.21253,6.045702,6.091246,6.006779,5.843092,5.78915,5.733212,5.629053,5.503333,5.306592,5.535231,5.920701
Alberta,Space Cooling,0.060638,0.113968,0.215474,0.173602,0.12209,0.067027,0.362967,0.351595,0.402053,0.320535,0.166225,0.186493,0.176589,0.154301,0.256742,0.329819,0.121994,0.344014,0.315323,0.112199,0.294765
Alberta,Total Floor Space (million m2),141.072,145.057,149.625,154.614,159.514,164.663,170.438,176.645,182.283,186.278,190.627,194.49,200.003,206.5,213.341,220.884,226.119,230.289,234.295,238.414,242.406
Alberta,Total Households (thousands),1103.53,1130.48,1153.56,1175.68,1198.68,1231.35,1280.84,1317.33,1346.58,1381.95,1417.93,1450.051,1459.0,1494.759,1514.0,1534.0,1543.0,1543.0,1570.0,1597.0,1622.848
Alberta,Energy Intensity (GJ/m2),1.355953,1.187321,1.268196,1.235273,1.194059,1.079096,1.059806,1.190749,1.137662,1.100389,1.026895,1.06241,1.027517,1.004505,0.972896,0.91088,0.784132,0.911026,0.9284,0.913199,0.889688
Alberta,Energy Intensity (GJ/household),173.341266,152.350508,164.493849,162.450667,158.898923,144.302722,141.026032,159.671545,154.002066,148.325367,138.056087,142.497057,140.854014,138.771802,137.092691,131.159713,114.910948,135.968586,138.547362,136.330488,132.893168
Alberta,Total GHG Emissions Excluding Electricity (Mt of CO2e),8.357876,7.30749,8.130076,8.257293,8.186204,7.494149,7.549155,8.963196,8.776987,8.639207,8.201715,8.693388,8.629252,8.665411,8.573203,8.245131,7.076006,8.632851,9.000017,8.908639,8.705134
Alberta,GHG Intensity (tonne/TJ),43.692791,42.428865,42.845456,43.234162,42.979202,42.176089,41.793059,42.612869,42.324005,42.146945,41.898101,42.072654,41.990269,41.775026,41.305028,40.979979,39.908083,41.148094,41.375708,40.917913,40.364058
Alberta,Heating Degree-Day Index ,0.975952,0.87578,0.974168,0.944371,0.913148,0.832589,0.875201,0.914952,0.91362,0.973169,0.916728,0.936771,0.916902,0.968313,1.005818,0.894233,0.876753,0.894527,1.000583,1.028756,0.953254
Alberta,Cooling Degree-Day Index ,0.851577,1.191104,2.206249,1.84224,1.061999,0.573082,1.949771,1.929328,1.964857,1.557148,0.804892,0.834983,0.774643,0.65939,1.054688,1.315615,0.473432,1.312498,1.215127,0.401522,0.97643
British Columbia,Total Energy Use (PJ),157.443,154.21,154.201,147.78,148.04,156.65,158.266,158.232,161.638,160.81362,142.829,161.371,155.087605,154.999368,152.272719,144.233632,147.502836,161.477059,153.823334,158.747969,161.429027
British Columbia,Space Heating,90.258801,86.997939,84.921925,77.725958,75.098871,82.521331,84.607824,85.659489,88.719084,86.351995,72.849141,88.208533,82.521969,81.361829,78.024731,72.231161,74.591375,81.217415,79.797651,84.596275,82.826801
British Columbia,Water Heating,35.570002,35.504006,36.363221,36.639874,36.867904,38.861552,38.814738,37.821088,36.724586,37.958663,34.238419,38.285095,37.278136,37.824172,37.447305,37.099641,38.170671,42.285276,38.539488,39.018686,41.794073
British Columbia,Appliances,23.295073,23.340994,24.105015,24.205102,25.767646,25.600701,25.376794,25.494871,26.485382,26.439423,26.387573,26.175693,26.461589,27.153036,27.657474,26.142307,26.627863,28.704213,27.120046,27.308967,28.747246
British Columbia,Lighting,8.165833,8.23919,8.481975,8.655972,9.155971,9.00731,8.792561,8.735971,8.976882,8.838694,8.576845,8.29918,8.078626,8.047821,8.051157,7.437148,7.393134,7.814369,7.191241,6.926072,7.288562
British Columbia,Space Cooling,0.15329,0.127872,0.328864,0.553095,1.149608,0.659105,0.674084,0.52058,0.732066,1.224845,0.777021,0.402499,0.747285,0.61251,1.092052,1.323373,0.719793,1.455787,1.174908,0.897969,0.772344
British Columbia,Total Floor Space (million m2),210.689,213.595,217.055,220.921,225.804,231.066,237.05,243.104,248.624,253.72,258.31,262.563,267.043,271.687,276.1,280.461,284.934,290.092,295.925,301.801,307.723
British Columbia,Total Households (thousands),1550.63,1573.02,1592.88,1615.5,1642.62,1675.85,1675.654,1740.97,1742.667,1811.52,1793.608,1820.129,1840.0,1842.0,1844.0,1867.0,1896.0,1949.0,1983.5,2018.0,2043.35
British Columbia,Energy Intensity (GJ/m2),0.747276,0.721975,0.710423,0.668928,0.655612,0.677945,0.667648,0.650882,0.650131,0.633824,0.552937,0.614599,0.580759,0.570507,0.551512,0.514274,0.517673,0.55664,0.519805,0.526001,0.524591
British Columbia,Energy Intensity (GJ/household),101.53486,98.034354,96.806414,91.476323,90.124314,93.474953,94.450286,90.887264,92.753234,88.772754,79.632227,88.659101,84.286745,84.147317,82.577397,77.254222,77.796855,82.851236,77.551467,78.665991,79.002125
British Columbia,Total GHG Emissions Excluding Electricity (Mt of CO2e),4.778835,4.648903,4.454287,4.178841,4.035468,4.508823,4.588364,4.533122,4.447277,4.419143,3.659871,4.436502,4.104949,4.068126,3.881167,3.784699,3.915517,4.330847,4.08156,4.242026,4.313043
British Columbia,GHG Intensity (tonne/TJ),30.352797,30.146574,28.886242,28.277445,27.259309,28.782786,28.99147,28.648576,27.513812,27.479904,25.624145,27.49256,26.468581,26.246084,25.48826,26.240057,26.545369,26.820199,26.534075,26.721763,26.71789
British Columbia,Heating Degree-Day Index ,0.966477,0.947664,0.948093,0.866999,0.842813,0.888521,0.904755,0.956427,0.997804,0.975135,0.876978,0.990692,0.950535,0.915486,0.873207,0.826007,0.830429,0.826046,0.88554,0.941553,0.866405
British Columbia,Cooling Degree-Day Index ,0.793218,0.671963,1.579731,2.399796,3.536274,1.609767,1.650869,1.394535,1.596571,2.861159,1.738089,0.867725,1.619915,1.250359,2.142975,2.74673,1.449764,2.747308,2.334424,1.768116,1.430857
Manitoba,Total Energy Use (PJ),47.809759,45.130805,46.89147,46.62,47.173114,45.084794,39.879209,48.768595,51.105352,51.060277,48.13,50.948,49.936,56.606,57.898,51.405,51.285,53.475,58.025,57.833,56.604892
Manitoba,Space Heating,28.323867,25.354251,27.111292,26.350578,27.650921,25.028639,21.584314,27.091577,29.687997,29.272294,26.338488,28.258157,26.055964,33.973219,34.855787,28.457743,29.104348,30.324488,34.267684,34.925033,32.312345
Manitoba,Water Heating,9.658897,9.332873,9.223116,9.251098,9.209376,8.868794,7.875861,8.851907,8.92744,8.962889,8.781548,8.997504,10.01509,9.418848,9.272719,9.002265,9.003245,9.319761,9.280655,9.099637,9.387902
Manitoba,Appliances,7.118351,7.237041,7.264756,7.35629,7.611973,7.6708,6.950426,8.833695,8.897558,9.296789,9.091199,9.110299,9.924586,9.747244,9.701098,9.687653,9.439165,9.651667,9.839775,9.828941,10.119953
Manitoba,Lighting,2.007984,2.076445,2.109875,2.192954,2.248425,2.241713,1.999715,2.480229,2.485224,2.565142,2.489686,2.451587,2.5937,2.471745,2.391071,2.321826,2.199351,2.20784,2.199027,2.127881,2.200014
Manitoba,Space Cooling,0.70066,1.130195,1.18243,1.46908,0.452419,1.274847,1.468892,1.511187,1.107133,0.963163,1.429078,2.130454,1.34666,0.994944,1.677324,1.935512,1.538891,1.971244,2.437859,1.851509,2.584678
Manitoba,Total Floor Space (million m2),50.362,51.164,51.978,52.841,53.881,54.924,56.039,57.211,58.442,59.631,60.767,62.07,62.972,64.07,64.997,65.892,67.012,68.141,69.386,70.542,71.722
Manitoba,Total Households (thousands),426.5,429.71,434.06,438.84,443.47,446.61,450.09,455.58,462.55,471.09,465.954,471.246,474.0,479.234,473.0,477.0,484.5,482.0,486.0,490.0,492.011
Manitoba,Energy Intensity (GJ/m2),0.94933,0.882085,0.902139,0.882274,0.875501,0.820857,0.711634,0.852429,0.874466,0.856273,0.792044,0.820819,0.79299,0.883507,0.890774,0.780138,0.765309,0.784773,0.836268,0.819839,0.789232
Manitoba,Energy Intensity (GJ/household),112.09791,105.026192,108.029927,106.234619,106.372728,100.948914,88.602743,107.04727,110.486114,108.387519,103.293458,108.113385,105.350214,118.117654,122.40592,107.767296,105.851393,110.943983,119.393004,118.026531,115.048043
Manitoba,Total GHG Emissions Excluding Electricity (Mt of CO2e),1.374828,1.220663,1.255816,1.214955,1.217439,1.077839,0.921226,1.039808,1.109511,1.062213,0.975259,1.042018,1.029832,1.213435,1.216099,1.027663,1.06473,1.133821,1.232022,1.232307,1.170844
Manitoba,GHG Intensity (tonne/TJ),28.756218,27.047235,26.781321,26.060821,25.807897,23.906925,23.100409,21.321256,21.710266,20.803127,20.263019,20.452578,20.623037,21.436511,21.004163,19.991506,20.761048,21.202822,21.232611,21.308024,20.684508
Manitoba,Heating Degree-Day Index ,0.968023,0.905455,0.988114,0.963988,1.002245,0.927031,0.865662,0.953014,1.01739,0.994142,0.875521,0.909996,0.74488,1.023451,1.04496,0.866675,0.891138,0.866675,0.970387,1.005268,0.892151
Manitoba,Cooling Degree-Day Index ,0.768498,1.183296,1.160874,1.427691,0.402466,1.107623,1.420404,1.130045,0.831839,0.664798,0.971413,1.399103,0.797646,0.599776,0.980942,1.121637,0.915359,1.121637,1.352579,1.022982,1.361547
New Brunswick,Total Energy Use (PJ),31.975595,29.934796,31.523154,31.42,34.262071,34.313545,32.657248,35.246873,35.624732,36.697275,36.514726,40.554315,39.10373,38.023622,41.105219,43.421048,37.690177,34.381361,34.098293,31.377878,30.311425
New Brunswick,Space Heating,20.955407,19.068712,20.288329,20.270871,22.892481,22.547926,20.876547,24.252469,24.667227,25.981221,25.77469,30.069717,28.4119,27.122004,30.351782,33.309676,27.829916,25.02301,23.768545,21.762032,19.96193
New Brunswick,Water Heating,4.828572,4.694208,4.887497,4.765439,4.991306,5.217602,5.166556,4.751737,4.683318,4.491048,4.485401,4.322438,4.325278,4.282838,4.149836,3.878594,3.726735,3.45441,3.763031,3.497339,3.703252
New Brunswick,Appliances,4.831696,4.780138,4.910794,4.909986,4.947089,5.073832,5.147132,4.886512,4.918107,4.891442,4.897408,4.900446,5.0436,5.277367,5.293671,4.98926,4.941245,4.742059,5.290095,4.996284,5.315403
New Brunswick,Lighting,1.329408,1.334556,1.379924,1.407268,1.382928,1.386274,1.363091,1.250823,1.245226,1.224579,1.207092,1.182748,1.185378,1.208115,1.185669,1.09288,1.06007,1.013021,1.10737,1.032891,1.104633
New Brunswick,Space Cooling,0.030512,0.057182,0.05661,0.066435,0.048268,0.08791,0.103923,0.105333,0.110854,0.108985,0.150134,0.078966,0.137574,0.133298,0.12426,0.150638,0.13221,0.14886,0.169251,0.089331,0.226206
New Brunswick,Total Floor Space (million m2),35.114,35.768,36.4,37.149,38.061,38.784,39.546,40.356,41.128,41.86,42.527,43.273,43.966,44.612,45.163,45.601,46.1,46.446,46.909,47.359,47.888
New Brunswick,Total Households (thousands),285.08,287.48,290.55,293.21,296.12,298.94,300.49,303.86,307.57,311.27,306.822,309.106,310.689,317.726,316.0,318.0,319.0,321.0,325.0,329.0,330.988
New Brunswick,Energy Intensity (GJ/m2),0.910633,0.836914,0.866021,0.845788,0.900195,0.884739,0.825809,0.873392,0.866195,0.876666,0.858626,0.937174,0.889402,0.852311,0.910146,0.952202,0.81757,0.740249,0.726897,0.662551,0.632971
New Brunswick,Energy Intensity (GJ/household),112.163585,104.128274,108.494766,107.158692,115.703334,114.784054,108.679983,115.99708,115.826421,117.895316,119.009476,131.198731,125.861331,119.674246,130.079808,136.544176,118.151025,107.107042,104.917823,95.373489,91.578593
New Brunswick,Total GHG Emissions Excluding Electricity (Mt of CO2e),0.749369,0.636311,0.688195,0.63718,0.773107,0.772324,0.69598,0.791859,0.802475,0.803191,0.900533,1.050338,0.945431,0.694364,0.767997,0.925016,0.773877,0.687705,0.652805,0.562466,0.493857
New Brunswick,GHG Intensity (tonne/TJ),23.435661,21.256555,21.831426,20.279439,22.564502,22.507832,21.311652,22.46608,22.525794,21.886949,24.66219,25.899528,24.177506,18.261387,18.683689,21.303411,20.532602,20.002265,19.144798,17.925555,16.292754
New Brunswick,Heating Degree-Day Index ,0.980635,0.962374,0.985358,1.010484,1.04064,0.956196,0.861104,1.009457,0.962161,0.995331,0.829664,0.906448,0.821275,0.877665,0.95767,1.005688,0.937084,1.005562,0.910767,0.984405,0.860475
New Brunswick,Cooling Degree-Day Index ,0.634894,1.372668,1.263452,1.116895,0.687407,1.087639,1.142565,1.139393,1.109767,1.123697,1.428776,0.782116,1.330264,1.21575,1.095528,1.377861,1.192896,1.377173,1.403015,0.77846,1.818703
Newfoundland and Labrador,Total Energy Use (PJ),19.872256,20.477668,21.766006,19.74,20.333983,18.791857,18.747042,22.230492,22.86586,21.785703,20.884017,22.713374,20.910855,20.460904,21.536321,21.44046,22.373219,24.258357,24.353139,23.798571,22.897711
Newfoundland and Labrador,Space Heating,13.031771,13.557565,14.643646,12.643909,13.627209,12.172003,12.193478,15.63561,16.119014,15.042146,14.234521,15.977575,13.366102,13.355309,15.16715,15.081347,15.720218,17.905237,17.838141,17.48425,16.206341
Newfoundland and Labrador,Water Heating,2.932138,2.989771,3.121351,3.02873,2.898318,2.773317,2.757349,2.886194,2.991661,2.902234,2.848658,2.909745,3.162129,2.824644,2.574977,2.464737,2.645034,2.598782,2.669404,2.581947,2.720805
Newfoundland and Labrador,Appliances,3.02552,3.034659,3.08764,3.123179,2.936571,2.982619,2.959295,2.907635,2.963455,3.053667,3.040315,3.079561,3.538602,3.479042,3.098457,3.193262,3.314602,3.112883,3.194774,3.134662,3.329389
Newfoundland and Labrador,Lighting,0.880055,0.891698,0.910582,0.937016,0.865476,0.859622,0.832554,0.796814,0.786824,0.784884,0.755976,0.744744,0.837907,0.795768,0.688155,0.698259,0.688916,0.638776,0.643996,0.595408,0.635422
Newfoundland and Labrador,Space Cooling,0.002771,0.003974,0.002787,0.007166,0.006411,0.004294,0.004367,0.004238,0.004906,0.002773,0.004547,0.001748,0.006114,0.006141,0.007581,0.002855,0.004448,0.002679,0.006824,0.002304,0.005753
Newfoundland and Labrador,Total Floor Space (million m2),25.52,25.851,26.273,26.802,27.353,27.878,28.417,28.93,29.554,30.185,30.864,31.606,32.198,32.814,33.319,33.748,34.132,34.433,34.733,34.975,35.196
Newfoundland and Labrador,Total Households (thousands),190.48,191.59,193.63,196.03,197.95,199.52,200.2,201.33,204.16,207.01,209.215,211.31,213.0,218.262,216.0,218.0,219.0,224.0,225.0,226.0,228.047
Newfoundland and Labrador,Energy Intensity (GJ/m2),0.778706,0.792135,0.828449,0.736513,0.74338,0.674083,0.659715,0.76843,0.773694,0.721731,0.676656,0.718644,0.649443,0.62355,0.64637,0.635312,0.655499,0.704502,0.701146,0.680448,0.650576
Newfoundland and Labrador,Energy Intensity (GJ/household),104.327259,106.882759,112.410299,100.698873,102.722824,94.185328,93.641571,110.41818,111.999704,105.23986,99.820841,107.488401,98.17303,93.744686,99.705189,98.350736,102.160816,108.296236,108.236174,105.303413,100.407725
Newfoundland and Labrador,Total GHG Emissions Excluding Electricity (Mt of CO2e),0.479225,0.514242,0.580609,0.462982,0.490936,0.372884,0.371955,0.536144,0.57801,0.479871,0.442125,0.519895,0.411495,0.33335,0.399245,0.321343,0.373637,0.47592,0.468676,0.44483,0.403669
Newfoundland and Labrador,GHG Intensity (tonne/TJ),24.115264,25.112332,26.67504,23.453992,24.143637,19.842851,19.840742,24.117497,25.278319,22.026885,21.170475,22.889362,19.678523,16.292033,18.538228,14.987688,16.700193,19.618793,19.244986,18.69144,17.629236
Newfoundland and Labrador,Heating Degree-Day Index ,0.927452,0.967001,1.008602,0.945755,1.012354,0.93906,0.886349,0.991481,0.952201,0.928551,0.881187,0.941485,0.713436,0.810878,0.972245,1.026739,0.93251,1.026739,0.965799,0.988185,0.879405
Newfoundland and Labrador,Cooling Degree-Day Index ,1.017182,1.463917,1.027491,2.457045,2.243986,1.429553,1.415808,1.920962,1.862543,1.082474,1.917526,0.649485,2.116838,2.233677,3.058419,1.161512,1.752577,1.161512,2.934708,1.024055,2.450172
Nova Scotia,Total Energy Use (PJ),41.841837,44.088751,45.324909,42.270016,40.262805,38.459554,39.17236,44.870484,45.197851,46.222245,46.371759,49.492273,44.056034,43.008609,40.858767,42.061377,38.025034,38.901136,40.165255,39.462197,38.267803
Nova Scotia,Space Heating,27.391508,28.627268,29.600947,27.419,26.172562,24.393672,24.412016,28.685199,30.566066,31.913927,31.241655,34.331318,29.368351,29.17208,28.563242,30.258916,26.477583,27.767045,27.923365,27.520367,25.4951
Nova Scotia,Water Heating,7.822014,8.370638,8.485198,7.830844,7.105238,6.962283,7.681152,8.935059,7.908097,7.757989,8.530955,8.713029,8.096388,7.2017,6.158972,5.908337,5.514996,5.287823,5.935698,5.770478,6.138948
Nova Scotia,Appliances,5.031069,5.367606,5.473136,5.279483,5.294555,5.405205,5.446475,5.645572,5.214835,5.091869,5.108143,5.050454,5.122759,5.185554,4.828696,4.632376,4.746166,4.601007,4.915971,4.877502,5.184839
Nova Scotia,Lighting,1.569529,1.690386,1.735508,1.702936,1.661277,1.636488,1.58448,1.569896,1.433114,1.375634,1.365384,1.319488,1.321941,1.312845,1.196406,1.127468,1.139986,1.10258,1.16766,1.142847,1.221083
Nova Scotia,Space Cooling,0.027717,0.032853,0.03012,0.037754,0.029172,0.061906,0.048237,0.03476,0.075739,0.082826,0.125621,0.077985,0.146596,0.13643,0.111452,0.13428,0.146303,0.142682,0.222561,0.151003,0.227833
Nova Scotia,Total Floor Space (million m2),46.369,47.1,47.889,48.872,49.796,50.68,51.615,52.528,53.443,54.235,55.043,55.882,56.679,57.56,58.221,58.845,59.411,60.022,60.716,61.424,62.142
Nova Scotia,Total Households (thousands),359.47,362.64,366.61,370.59,373.98,376.98,379.61,382.9,387.87,392.45,389.767,391.248,393.393,393.342,397.0,400.0,402.0,399.0,403.5,408.0,409.702
Nova Scotia,Energy Intensity (GJ/m2),0.902375,0.936063,0.946455,0.86491,0.808548,0.758872,0.758927,0.854226,0.845727,0.852252,0.842471,0.885657,0.777293,0.747198,0.701782,0.714779,0.640032,0.648119,0.661531,0.642459,0.615817
Nova Scotia,Energy Intensity (GJ/household),116.398691,121.577187,123.632495,114.061406,107.660316,102.020145,103.191065,117.185909,116.528349,117.778685,118.973025,126.498469,111.989882,109.341504,102.91881,105.153443,94.589638,97.496581,99.542143,96.721071,93.403992
Nova Scotia,Total GHG Emissions Excluding Electricity (Mt of CO2e),1.754631,1.871778,1.939201,1.773536,1.569954,1.427458,1.502533,1.802828,1.821772,1.85405,1.916314,2.087393,1.731219,1.556059,1.42021,1.455751,1.205529,1.237969,1.31887,1.304501,1.231841
Nova Scotia,GHG Intensity (tonne/TJ),41.934853,42.454767,42.784436,41.957301,38.992666,37.115829,38.356981,40.178491,40.306605,40.111647,41.325023,42.176133,39.295853,36.180168,34.759014,34.610171,31.703564,31.823459,32.836084,33.056977,32.190002
Nova Scotia,Heating Degree-Day Index ,0.936168,0.935428,0.97322,0.989298,1.016077,0.940301,0.82924,0.813354,0.987339,1.01849,0.890229,0.948495,0.832943,0.87076,0.981199,1.041304,0.960463,1.041304,0.958911,1.001672,0.869947
Nova Scotia,Cooling Degree-Day Index ,1.262877,1.840142,1.465364,1.731794,1.275311,2.293073,1.573712,0.829485,2.085258,2.136767,2.936057,1.746004,3.026643,2.68206,2.291297,2.714032,2.840142,2.714032,3.857904,2.582593,3.534636
Ontario,Total Energy Use (PJ),531.301673,516.353398,531.791073,564.24,550.919832,566.996129,525.514082,569.62472,572.324514,547.461175,540.833416,573.974755,532.098616,577.064951,578.606325,583.001161,540.529233,547.987922,611.239885,538.337209,511.747669
Ontario,Space Heating,344.741761,316.391267,332.694855,365.836448,352.282055,359.029792,324.917223,367.270563,376.66456,358.114494,337.049556,365.513647,322.333392,374.39162,386.505651,379.526214,342.540878,358.303112,401.799148,353.123479,314.631713
Ontario,Water Heating,93.548577,97.500247,97.089497,100.443764,100.109535,102.558862,101.490869,103.539099,101.281295,94.680198,95.548124,102.087878,97.875465,98.817547,93.106028,98.436769,92.204338,92.385084,106.76319,89.627963,90.640843
Ontario,Appliances,61.844149,63.890934,60.482749,61.946669,64.826506,60.616106,61.323493,60.695245,61.960848,64.432648,64.757269,64.090173,66.04803,66.719144,65.574317,66.903829,61.586904,62.230953,61.214456,62.164526,63.938434
Ontario,Lighting,20.451991,21.382765,20.348068,21.200074,21.947859,19.873763,19.639804,18.815994,19.18149,19.965009,20.447106,19.801048,20.203539,19.920597,19.216448,19.158054,17.298859,17.363281,16.581827,16.785963,17.356068
Ontario,Space Cooling,10.715195,17.188184,21.175903,14.813044,11.753877,24.917605,18.142692,19.30382,13.236321,10.268825,23.031361,22.482008,25.63819,17.216043,14.203881,18.976295,26.898253,17.705492,24.881263,16.635278,25.180611
Ontario,Total Floor Space (million m2),597.715,610.454,624.774,638.436,652.623,665.992,679.346,691.209,703.358,713.205,723.928,735.03,746.765,758.201,769.284,781.726,794.378,806.606,823.977,840.774,856.336
Ontario,Total Households (thousands),4290.9,4374.75,4450.24,4519.01,4590.99,4673.54,4736.82,4802.27,4878.3,4950.67,4962.134,5023.807,5097.0,5136.783,5196.0,5250.0,5322.0,5360.0,5445.5,5531.0,5596.218
Ontario,Energy Intensity (GJ/m2),0.888887,0.845851,0.851174,0.883785,0.844163,0.851355,0.773559,0.8241,0.813703,0.767607,0.747082,0.780886,0.712538,0.761098,0.752136,0.745787,0.680443,0.679375,0.741817,0.640288,0.597602
Ontario,Energy Intensity (GJ/household),123.820567,118.030378,119.497167,124.859206,120.000225,121.320483,110.942379,118.615721,117.320483,110.583249,108.992102,114.250956,104.394474,112.339748,111.356106,111.04784,101.565057,102.236553,112.246788,97.3309,91.445264
Ontario,Total GHG Emissions Excluding Electricity (Mt of CO2e),18.966631,17.922603,18.782034,20.205814,19.336361,20.137974,18.507621,20.438858,20.554946,19.147022,18.334079,19.93924,17.812344,19.911329,19.891806,20.043695,18.365606,18.91799,21.848254,18.426376,16.838989
Ontario,GHG Intensity (tonne/TJ),35.698421,34.709954,35.318445,35.810672,35.098321,35.516952,35.218125,35.881269,35.914845,34.97421,33.899678,34.73888,33.475644,34.504485,34.378826,34.380198,33.977082,34.52264,35.744156,34.228315,32.904867
Ontario,Heating Degree-Day Index ,0.936142,0.841644,0.893557,0.964072,0.930566,0.924018,0.826733,0.909955,0.935918,0.936684,0.849017,0.870448,0.789458,0.91546,0.995405,0.919828,0.882001,0.91991,0.921429,0.955985,0.840042
Ontario,Cooling Degree-Day Index ,1.002527,1.514334,1.928358,1.25202,0.904104,2.042585,1.451506,1.62762,1.063691,0.798296,1.717894,1.653662,1.8474,1.226289,1.028755,1.355501,2.091494,1.355046,1.977208,1.287805,1.888786
Prince Edward Island,Total Energy Use (PJ),5.822143,5.569047,5.237045,4.62,5.944417,5.777721,5.90744,7.706982,7.027369,7.482241,6.77426,7.721339,6.461122,5.639772,4.881885,4.198454,4.400507,4.759942,4.740328,5.002953,4.749
Prince Edward Island,Space Heating,3.76798,3.572282,3.642135,3.160742,4.209946,4.068994,4.074562,5.65195,5.04886,5.423004,4.69701,5.44237,4.38869,3.870751,3.493345,3.02375,3.153735,3.543507,3.475896,3.711128,3.426894
Prince Edward Island,Water Heating,1.312934,1.253027,1.228922,1.063067,1.341984,1.319517,1.437914,1.675359,1.596788,1.689112,1.698543,1.909345,1.681463,1.375412,1.029475,0.805329,0.881637,0.865184,0.879061,0.906338,0.895072
Prince Edward Island,Appliances,0.566504,0.566408,0.278741,0.301768,0.300944,0.300507,0.30638,0.295752,0.298802,0.290558,0.299085,0.294487,0.311459,0.316456,0.289711,0.299327,0.297923,0.286601,0.314076,0.319063,0.34947
Prince Edward Island,Lighting,0.172546,0.173125,0.08557,0.092333,0.089901,0.087127,0.086028,0.080253,0.079912,0.076578,0.075491,0.072415,0.074173,0.072699,0.064225,0.064327,0.062192,0.058868,0.062796,0.061333,0.067442
Prince Edward Island,Space Cooling,0.002178,0.004204,0.001676,0.002091,0.001642,0.001576,0.002556,0.003668,0.003008,0.00299,0.004131,0.002723,0.005337,0.004452,0.00513,0.005722,0.005021,0.005783,0.008499,0.005091,0.010122
Prince Edward Island,Total Floor Space (million m2),6.506,6.628,6.781,6.95,7.12,7.29,7.45,7.615,7.788,7.926,8.088,8.243,8.427,8.58,8.712,8.826,8.947,9.094,9.28,9.513,9.78
Prince Edward Island,Total Households (thousands),50.72,51.26,51.91,52.61,53.13,53.56,54.07,54.67,55.59,56.52,57.455,58.426,58.0,59.908,59.0,59.0,59.0,62.0,63.5,65.0,65.933
Prince Edward Island,Energy Intensity (GJ/m2),0.894939,0.840206,0.772256,0.664791,0.834864,0.792551,0.792956,1.012034,0.902329,0.943961,0.837575,0.936678,0.766727,0.657349,0.560334,0.475685,0.491867,0.52341,0.510791,0.525917,0.485582
Prince Edward Island,Energy Intensity (GJ/household),114.789885,108.64313,100.887013,87.816005,111.884379,107.873801,109.255414,140.972782,126.41427,132.38218,117.90549,132.155881,111.398659,94.140535,82.743822,71.160243,74.584862,76.773266,74.650834,76.968507,72.0281
Prince Edward Island,Total GHG Emissions Excluding Electricity (Mt of CO2e),0.297938,0.287951,0.304894,0.262367,0.33636,0.314721,0.314029,0.411663,0.377015,0.413599,0.377044,0.447582,0.365599,0.308934,0.264535,0.215525,0.221064,0.230595,0.220204,0.231933,0.213292
Prince Edward Island,GHG Intensity (tonne/TJ),51.17328,51.705561,58.218717,56.789446,56.584267,54.47147,53.158232,53.414261,53.64947,55.277426,55.658314,57.966902,56.584404,54.777747,54.187031,51.334258,50.236064,48.444893,46.453255,46.359271,44.913077
Prince Edward Island,Heating Degree-Day Index ,0.956906,0.947447,0.982553,0.983513,1.009704,0.948855,0.852301,0.997185,0.93898,0.972273,0.845092,0.902423,0.785074,0.830099,0.965917,1.012328,0.908288,1.012328,0.947767,0.961822,0.879196
Prince Edward Island,Cooling Degree-Day Index ,0.990971,1.816027,1.401806,1.557562,1.19526,1.267494,1.425508,1.393905,1.38149,1.457111,1.822799,1.10158,1.865688,1.512415,1.794582,1.831828,1.527088,1.831828,2.396163,1.384876,2.435666
Quebec,Total Energy Use (PJ),304.181749,287.235589,299.501333,315.11,335.910733,322.909173,313.871171,340.208912,334.863656,339.412825,313.505771,323.293589,317.316123,333.761768,349.954005,338.163139,330.640623,328.359829,340.360685,342.05996,331.683496
Quebec,Space Heating,190.962329,172.00893,182.781548,195.487056,215.145758,202.167293,190.871239,219.133241,214.102099,217.479001,193.293727,201.599403,194.46451,211.328579,224.986978,218.164724,211.066596,211.812036,218.324384,221.687337,202.143019
Quebec,Water Heating,50.468247,50.367221,50.874186,52.048792,53.625728,52.301646,52.85871,51.497328,50.322743,50.127289,47.671689,46.822748,46.378094,45.911543,46.316552,44.170455,43.750589,42.516108,43.717452,43.893734,46.347804
Quebec,Appliances,48.355162,48.705072,49.230111,50.45249,50.713422,49.969411,52.000934,51.979928,52.926415,54.218169,53.084924,54.904933,55.844607,57.382066,59.313918,57.081284,56.626024,55.980637,58.004819,58.398805,62.20982
Quebec,Lighting,13.196396,13.484857,13.629007,14.268704,14.215645,13.880143,14.270333,14.0346,14.292684,14.608881,14.503159,14.917309,14.814984,14.943893,15.205959,14.400272,14.062015,13.838836,14.208599,14.091934,15.103673
Quebec,Space Cooling,1.199616,2.66951,2.986481,2.852957,2.210181,4.590681,3.869955,3.563815,3.219715,2.979485,4.952272,5.049197,5.813929,4.195687,4.130598,4.346404,5.135399,4.212212,6.10543,3.988149,5.87918
Quebec,Total Floor Space (million m2),336.05,340.899,347.254,354.639,362.974,370.971,379.495,387.928,395.986,403.385,410.988,418.754,427.708,435.66,443.222,449.783,455.785,462.1,468.654,475.323,482.346
Quebec,Total Households (thousands),2991.17,3033.14,3075.94,3121.1,3169.7,3220.66,3267.66,3307.09,3351.04,3398.34,3332.76,3365.566,3405.0,3477.041,3513.0,3547.0,3580.0,3558.0,3594.5,3631.0,3656.12
Quebec,Energy Intensity (GJ/m2),0.905167,0.842584,0.862485,0.888537,0.925441,0.870444,0.827075,0.87699,0.845646,0.841412,0.762809,0.772038,0.741899,0.766106,0.789568,0.751836,0.725432,0.710582,0.726252,0.719637,0.687647
Quebec,Energy Intensity (GJ/household),101.693233,94.699087,97.369043,100.9612,105.97556,100.261801,96.053803,102.872589,99.928278,99.876065,94.067911,96.059203,93.191229,95.990166,99.616853,95.337789,92.357716,92.287754,94.689299,94.205442,90.72008
Quebec,Total GHG Emissions Excluding Electricity (Mt of CO2e),6.040822,5.389735,5.60736,5.610415,6.709625,5.926894,5.402107,5.983564,5.38552,5.195327,4.418599,4.138338,3.846912,3.832328,3.873669,3.811352,3.914936,3.564218,3.591078,3.595789,3.079644
Quebec,GHG Intensity (tonne/TJ),19.859251,18.764161,18.722322,17.804624,19.97443,18.354679,17.211224,17.587911,16.082726,15.306809,14.094155,12.800558,12.123279,11.482226,11.06908,11.270748,11.840457,10.854611,10.550803,10.512159,9.284886
Quebec,Heating Degree-Day Index ,0.974284,0.882264,0.937955,0.996163,0.996829,0.951023,0.856057,0.959899,0.952734,0.963994,0.847165,0.887177,0.846476,0.925237,0.968267,0.955142,0.916602,0.955104,0.968529,0.999033,0.871535
Quebec,Cooling Degree-Day Index ,0.778458,1.410028,1.461022,1.252045,0.876477,1.62842,1.172619,1.134604,0.975832,0.938186,1.526068,1.43113,1.685147,1.20805,1.175753,1.309687,1.579809,1.30988,1.857396,1.225375,1.707849
Saskatchewan,Total Energy Use (PJ),49.495,48.814,50.638,46.09,44.843175,42.785178,44.614195,43.756241,45.718215,47.621969,50.646459,48.917,47.755,51.518256,52.14599,48.959185,47.500237,51.054,55.206,56.674,52.605229
Saskatchewan,Space Heating,32.450563,30.99488,33.313138,29.460669,28.66999,26.681063,27.72414,27.271131,28.764037,30.440152,31.614613,29.863712,29.554059,32.178332,32.95701,29.388049,28.388937,31.1562,35.301785,37.005479,32.769116
Saskatchewan,Water Heating,9.596344,10.10707,9.545018,8.644034,8.373598,8.157766,8.775369,8.162609,8.471914,8.490292,10.045062,9.720149,9.206309,9.788663,9.626822,9.942249,9.854832,10.507406,10.622918,10.894579,10.609054
Saskatchewan,Appliances,5.460577,5.521642,5.520734,5.589028,5.706835,5.765567,5.764112,5.909889,6.082031,6.360209,6.62625,6.747832,6.512374,6.94643,7.055535,6.968494,6.874468,6.817816,6.722157,6.61546,6.780106
Saskatchewan,Lighting,1.776805,1.823954,1.839188,1.907853,1.928353,1.923088,1.882232,1.897774,1.948346,2.036267,2.035111,2.050424,1.935839,2.017924,2.012526,1.940025,1.877847,1.82816,1.771212,1.705332,1.763456
Saskatchewan,Space Cooling,0.21071,0.366454,0.419922,0.488416,0.164399,0.257693,0.468341,0.514839,0.451886,0.295048,0.325423,0.534883,0.546419,0.586907,0.494098,0.720369,0.504154,0.744418,0.787929,0.45315,0.683497
Saskatchewan,Total Floor Space (million m2),46.59,47.252,47.942,48.723,49.509,50.341,51.182,52.266,53.572,54.667,55.782,57.148,58.612,60.155,61.804,63.153,64.288,65.353,66.246,66.918,67.496
Saskatchewan,Total Households (thousands),373.26,372.73,373.09,374.67,376.68,377.82,378.19,384.78,393.67,401.34,407.294,413.12,418.0,418.321,423.0,427.0,431.0,429.0,431.5,434.0,437.525
Saskatchewan,Energy Intensity (GJ/m2),1.062348,1.03305,1.056236,0.945961,0.905762,0.849909,0.871683,0.837176,0.8534,0.871123,0.907934,0.855969,0.81477,0.856431,0.843734,0.775243,0.738871,0.781204,0.833354,0.846917,0.779379
Saskatchewan,Energy Intensity (GJ/household),132.60194,130.963432,135.725964,123.01492,119.048463,113.242227,117.967676,113.717555,116.133347,118.65742,124.34865,118.408695,114.246415,123.154832,123.276573,114.658514,110.209367,119.006993,127.939745,130.585253,120.233651
Saskatchewan,Total GHG Emissions Excluding Electricity (Mt of CO2e),1.939795,1.914861,2.001846,1.768099,1.735659,1.630486,1.726795,1.664921,1.746776,1.805741,1.955282,1.813617,1.772908,1.893128,1.899925,1.746498,1.70935,1.855329,2.046277,2.141968,1.923477
Saskatchewan,GHG Intensity (tonne/TJ),39.191744,39.227711,39.532485,38.361878,38.705092,38.108673,38.70505,38.049917,38.207446,37.918231,38.606486,37.075384,37.125085,36.746741,36.434734,35.67254,35.986127,36.340518,37.066209,37.794553,36.564373
Saskatchewan,Heating Degree-Day Index ,0.982985,0.891526,1.003735,0.982127,0.978118,0.933513,0.893181,0.952798,0.972,1.03624,0.926098,0.918255,0.951388,0.971762,1.007167,0.86812,0.848717,0.868123,0.977509,1.010105,0.921775
Saskatchewan,Cooling Degree-Day Index ,0.781087,1.318022,1.362559,1.360013,0.427165,0.64668,1.179445,1.194192,0.99529,0.565026,0.599913,0.953328,0.972889,0.951002,0.762427,1.102111,0.764458,1.102538,1.159664,0.664898,0.945777
Canada,Appliances,175.899249,180.20295199999998,178.301926,180.007403,185.18070000000003,180.750693,183.195127,185.12759,188.48593699999998,192.76874299999997,192.122353,193.57111099999997,198.146106,201.762887,202.65390899999997,200.111791,194.438159,196.134904,196.21471499999998,198.42089900000002,208.064264
Canada,Cooling Degree-Day Index ,0.8881289000000001,1.3781500999999998,1.4856906000000003,1.6397100999999998,1.2610449,1.3685916,1.4382207,1.3694069,1.3867138,1.3184662,1.5463427000000003,1.1419115999999998,1.6037073,1.3538768,1.5385366000000003,1.6036514,1.4587018999999999,1.6033452000000001,2.0488188000000003,1.2140681999999998,1.8550422999999998
Canada,Energy Intensity (GJ/household),119.2769196,114.03353010000001,116.73469370000001,111.87319110000001,113.8391066,109.2414428,106.3810952,117.73858949999999,116.1392266,114.7898415,110.4099267,116.53298790000001,108.9745993,108.94224899999999,109.17731690000001,104.8433972,99.2177677,103.29682299999999,105.7714639,102.9511085,98.67607410000001
Canada,Energy Intensity (GJ/m2),0.9395614,0.8918184,0.9063834,0.8616760000000001,0.8687525,0.8259850999999999,0.7948812000000001,0.8740408000000001,0.8562953,0.8465238000000002,0.8005029,0.8384874,0.7753338000000001,0.7722562,0.7619252,0.7256135999999999,0.6816827999999999,0.7039880000000001,0.7186261,0.6977256000000001,0.6653085000000001
Canada,GHG Intensity (tonne/TJ),33.821028,33.285371500000004,34.159589,33.202978,33.210932299999996,32.0784086,31.768694400000005,32.427812700000004,32.3513288,31.793213299999998,31.7201586,32.3564539,31.1542181,29.7702408,29.5848053,29.0770556,28.819058899999998,29.077829400000002,29.018268499999998,28.751596999999997,27.7545651
Canada,Heating Degree-Day Index ,0.9605024,0.9156582999999999,0.9695355000000001,0.964677,0.9742494,0.9241107,0.8650583,0.9458521999999998,0.9630146999999999,0.9794008999999999,0.8737679,0.921219,0.8352367,0.9109110999999999,0.9771854999999998,0.9416064000000001,0.8983985000000001,0.9416318,0.9507220999999999,0.9876783999999998,0.8834185
Canada,Lighting,54.908085,57.036849,56.579952000000006,58.133062,59.305215000000004,56.795668,56.480135000000004,55.748470999999995,56.61545400000001,57.68819800000001,57.501552000000004,56.930189000000006,57.052866,56.634499,55.800766,53.973470999999996,51.411423,51.369063999999995,50.24032,50.004892,52.661054
Canada,Space Cooling,13.103287000000002,21.694396,26.400267000000003,20.46364,15.938067,31.922644,25.146013999999997,25.913835000000002,19.343681000000004,16.249475,30.965813000000004,30.946956,34.564693,24.040713,22.103118000000002,27.925267,35.206466,26.733171000000002,36.109847,24.185983,35.864989
Canada,Space Heating,881.2382799999999,806.4705949999999,854.59493,884.9071940000001,890.7318560000001,870.8926799999999,826.2688150000001,938.6750259999999,950.164572,935.9237720000001,863.514249,933.7468559999999,863.926494,943.528026,973.256527,939.382092,871.634536,924.8038720000001,990.2047200000001,949.3927520000001,871.6007609999999
Canada,Total Energy Use (PJ),1381.030299,1324.0432560000002,1376.627515,1408.8800159999998,1418.159091,1409.455108,1359.26053,1480.985415,1483.741651,1463.5355710000001,1402.2432750000003,1485.613645,1418.2310850000003,1488.5136650000002,1506.817565,1478.082456,1397.2544579999999,1454.4541350000002,1539.5312779999997,1471.0135260000002,1425.96172
Canada,Total Floor Space (million m2),1495.9869999999999,1523.768,1555.971,1589.9470000000001,1626.635,1662.589,1700.5780000000002,1737.792,1774.1779999999999,1805.0919999999999,1836.924,1869.059,1904.373,1939.8390000000002,1974.163,2008.919,2041.106,2072.576,2110.121,2147.043,2183.035
Canada,Total GHG Emissions Excluding Electricity (Mt of CO2e),44.73994999999999,41.714537,43.744318,44.37148200000001,44.391113000000004,43.663551999999996,41.579765,46.165963,45.600289000000004,43.819364,41.180820999999995,44.168311,40.649941000000005,42.47646399999999,42.187856,41.576673,38.620251999999994,41.06724499999999,44.459762999999995,41.090835000000006,38.37379
Canada,Total Households (thousands),11621.74,11806.8,11982.47,12157.240000000002,12343.32,12554.83,12723.623999999998,12950.78,13129.997000000001,13382.16,13342.939,13514.009,13668.082,13837.376,13951.0,14097.0,14255.5,14327.0,14528.0,14729.0,14882.742
Canada,Water Heating,255.88139499999997,258.638464,260.75043700000003,265.36871599999995,267.003257,269.093416,268.17044000000004,275.520496,269.13200700000004,260.905383,258.139305,270.418535,264.540927,262.547539,253.003246,256.689834,244.56387199999995,255.413125,266.761675,249.008999,257.770649
